Concorrente,Nicho,Link do anúncio,Tempo no ar,Formato,Gancho (1-3 primeiras linhas),Dor atacada,Nível de consciência (1-5),Ângulo da oferta,Promessa principal,Prova usada,Gatilho mental,CTA (texto exato),Oferta/preço,Destino do clique,Nota (0-5),Ideia pra minha campanha
Ex: Agência XPTO,emagrecimento,https://facebook.com/ads/library/?id=...,3 semanas,Vídeo,"Você treina e não emagrece? O problema não é seu treino...",Esforço sem resultado,2,Atalho/medo,Perder 5kg em 30 dias sem dieta maluca,Antes-depois + depoimento,Especificidade,"Quero meu plano",R$ 47 1ª mensalidade,WhatsApp,5,Testar gancho "treina e não emagrece" em vídeo curto
,,,,,,,,,,,,,,,,
,,,,,,,,,,,,,,,,
,,,,,,,,,,,,,,,,
,,,,,,,,,,,,,,,,
,,,,,,,,,,,,,,,,
,,,,,,,,,,,,,,,,
,,,,,,,,,,,,,,,,
,,,,,,,,,,,,,,,,
,,,,,,,,,,,,,,,,
,,,,,,,,,,,,,,,,
,,,,,,,,,,,,,,,,
